iter	Logloss
0	0.2985312267
1	0.235497085
2	0.207863502233	0.197356962344	0.190535416355	0.187186781966	0.185054429677	0.182198451488	0.180557882699	0.1800560868110	0.1790773322111	0.1784483457112	0.1784318351113	0.1780453968114	0.1780405622115	0.1765721791116	0.1762275901117	0.1759309141118	0.1758583661119	0.175686520	220	0.175685621	221	0.175633222	222	0.175375523	223	0.175256924	224	0.175119125	225	0.175063826	226	0.1746014227	27	0.1742552228	28	0.173876329	029	0.173619630	030	0.173574231	031	0.173547632	032	0.173427833	033	0.173332034	034	0.173202235	35	0.1726354536	36	0.1725333037	37	0.172334638	38	0.1720081239	39	0.1713913240	40	0.1713608141	41	0.1709953342	42	0.1709414143	43	0.1709359144	44	0.1709151345	45	0.1705549546	46	0.1700758947	47	0.1698624548	48	0.1697928249	49	0.1697770050	50	0.1696886551	51	0.1692154552	52	0.1686794553	53	0.168610554	054	0.168184555	055	0.1676756	056	0.16767557	0.57	0.16758758	0.58	0.16751459	0.59	0.16749260	0.60	0.1674861	0.161	0.1674462	0.162	0.1673463	0.163	0.1669364	0.164	0.1669165	0.65	0.16680866	0.66	0.16680267	0.67	0.16677968	0.68	0.16667869	0.69	0.16632970	0.70	0.16632171	0.71	0.16625672	0.72	0.16624673	0.73	0.16621674	0.74	0.16617975	0.75	0.16615176	0.76	0.16588677	0.77	0.16587678	078	0.165855879	079	0.1655363765
